youtube_id,label
qdk3-sgpvQE,0
DEH02yHerUU,0
uRRY2QHdaGw,0
VfWUtHMlZf8,0
cMYLkTxaeRc,0
3VZnPZpU2QA,0
Mo4Nn99MGQc,4
azbTmhIq5Qk,17
3199b62WPOY,0
PXWLk5rHLvo,0
7ZyOXj5TNew,0
fSM3tpsiVqI,0
3LjuUPI4nTM,17
Zl-OP6S8vqo,0
fvv-G-v4bng,3
amPNS9PoTdw,0
RnHg1U2zYnc,0
QtLMxZhx4QE,0
Ns05UeM7xZs,3
5Czepujf2Fw,0
6FRwFrnoPBo,0
j6vCXXaD4HA,4
NyNuB328oi0,0
cvEujjTH7yg,0
3WnGZEI3ZQw,0
MHUowHQ3HBA,0
cv6jYz5UbkA,0
y35tHqjM22c,0
eoB8swFN8jw,4
PmgeAASMJlM,0
3j4qATfX0xw,3
mybPRZJm42g,0
VWqNsvZaE0M,0
SI7Gv008HzY,0
6hrI0-Zku9I,0
EdUFw47A0lk,3
LvPpvE-gJjM,0
QO2oL2dQSgg,0
aHTMBOMFwVs,0
P16dHGCx5z0,0
TARJ96Qvlxo,3
R3J5hDL4xfk,0
8XrpIAGTvrE,3
LxizvTYS8cE,0
wPTJp27hUv0,3
MBuHG7cxJ08,0
WtSwFKNaXkA,4
fp9p3wzZq1U,0
5hmYVUkI5oQ,0
MgRU12wHgcs,0
Kj4v1bS6Ay4,3
2pIg3TM2dQ8,0
62HjZ1-LGDo,0
YrxSy19cVOw,4
upa9PQmviqY,0
2ND-6vncLVc,0
b9-9vfwjzak,0
fAqFT00TOTc,3
n5E7nTD5Jrw,0
2iUpLcGzFmA,0
TDzzV8Mds8M,3
9o9lrFVw834,0
Qct2j0vfc3g,0
3nPyAG-RbJg,3
a17YZC3pQPg,0
X05nyBKRYE8,0
H7qpVMBgNb8,4
kjOUDjR9wko,0
KMgvnaaMLR4,3
yaMZvpaTqJE,0
2Cp9SekzsuY,3
0fXOvf4mEg8,0
rJzAuLaLOIM,3
zHupv-ZNi0Y,0
1ygXNkLpXHg,0
h0cb3rnLcK8,0
IA9Mser8Qsk,3
piGqcGPmlQc,0
XvfFQn44bhA,0
3qR3rg2lVwI,0
iMcg7sk7ra4,0
yfZ7uCJGtTY,0
kVxw6wkWkSg,0
vFpRtq8tbxc,17
a3zP1c854HU,0
9Gb-zye7lF0,0
WkpcynCpJvs,0
xp5YwCJyCjU,0
KF8q4Ae73Ac,0
HHSxme6Ch6E,0
SDRoPXobtuk,0
uIxxIDfUawE,4
KBDSxjDqd9M,0
9a51BYrjVYM,3
L5goUV2xbeU,0
A0GWEBGTmQc,4
C0fjccjmlUA,0
gjvlCBnaKEw,0
0WKCgLGuiAk,0
EgoPIaWpRp8,0
6cDV8KFeBPg,4
23FOiCkhsnE,0
X8HsA27bUiI,4
cjKTSxO-Dc4,0
s4V6ARK75sU,0
OAuJgfOReuw,0
ihhVjcJMkyk,3
Aaz9-GrU-QE,0
JRTp6FTgsPE,0
5s-esJYUWTA,0
Qd5jxODjQTw,0
Fi7sLoa3KTU,3
dGSSMlvko7Q,0
-J8jfO0Fp6M,0
yayc48lTaHI,0
0KENbNB0le4,0
drlrMEPDia8,0
bZV5m2gOUR4,0
Z8US9cm5oD0,0
A7WyrhHMpT8,0
wU1BxK7zWIg,0
FqjWgc6fVJs,0
U54DfS6lQLI,3
j8bJRzhddso,0
Duq8gJO-HJY,3
mrpIn41FkbM,0
Z0eWuVFxTy8,3
3OJaELmtCMk,0
0QEafK0vs4s,3
aSvtZIXG848,0
W0zMzvG7tc4,0
qvhtW7bDk2M,0
p4V2oiuz-u0,0
8P-6iY2cOI4,0
Q0WrDFC4jf4,0
2E7boIohUCQ,0
FVqvsZ9PhEo,4
nEyJqYABo7E,0
ergJ5VFgSec,0
KhibBX51xo4,0
jUhF4QWDY5Y,0
XgMexRJhmkQ,0
2kdoPe4kg-s,0
-a1f1ikmdd8,0
pyQS8OshKQU,0
jou7HEb9Hv0,0
fwX3dfWjonw,0
YwJUQCZQFGY,0
noTmj22nfxE,0
BM2Mn9Xr2dY,0
PSEgR2yQGGc,3
KQAvZSe-KC4,3
5ejwwY27IC0,3
z0EwSmWQXqo,0
ALYO-F70Xto,0
tRrUcJ1nKWs,0
FQnuWSxclgk,0
GGb7qB6I9wo,0
4cT-he9iVeI,0
6BkiWVZUAQU,3
KzZJBNxbsAM,0
gQIWqdtSeMM,0
gbiD7VDz9oA,0
qMJi2nXWOkg,0
36SaGOCeFio,0
FeEPLDGLUnc,0
j3hEa-4x-X0,0
tITY5zfwbLI,0
pls9esA0CYM,0
p6Sxd0JyxpE,0
uEKQtD2VACY,0
lwqjdAlasm4,0
3dCwAX2KIgc,0
2ujj8t98T0I,0
sMX2cRfYAZ0,0
epnqHofT8MU,3
JQitCfvl3uE,0
CCsorNkxaNI,4
QXmVPsAHPJA,0
-bGVnGCy2yY,0
FYqQ2yCfgo0,0
f3xWAEO1lvI,0
4-zRuTD8SwA,0
vlWmkYNUsuw,0
lYwg5DUOwEU,0
DlvneEdjmMM,0
IBsKyrnmEA4,0
b4DfEP37L60,3
oSwVhi8dN7E,0
rFEPHGwno-4,0
cGhHPAyocR4,0
a-g0QQ3OLgc,0
pIY8jciYQM4,0
zrl4ykZVdsY,3
m3S78Oq7OXg,0
O4-xvjKrLqk,3
FHOjWagWqrY,0
uyU9Oqh5f0I,0
gvJCQSs9aCE,0
6NssAegRUeM,0
vpPOiNkZu0o,3
r5blfRKAFss,3
1o3EA7zDER4,0
P-FK2B60ZC8,3
KzlDacbCzJI,0
ULgl9F4Bb5I,3
q6KraglaOJw,0
HlK1FpetbEM,0
lDzW8pxXK4c,0
iDfsEGmt7WY,0
N0X89LUf7ig,0
cMrmXHwOgfY,0
gNQyjpfDBoA,0
6QMv1g1-FR0,0
hokd5hcgTyY,0
PsnvARQH5qY,0
sc8312t4us0,3
9uMNo3fIZ78,4
Mcq4keUz6Rw,0
Mkc4QS7gr94,0
eWtnK7-gcU8,0
1K1jd5c63VI,0
vbpT4fA3P6o,0
P9nWpV2Zaps,0
MH7UCR2RNh8,3
9l5Ux6H5AFE,0
aarrTRAjJ6I,0
YoBbFCqLVxs,0
sByQ8wdVTos,4
bnMDFelOmAE,0
U0SxSqywTZs,0
3wkPtqbqhYw,0
ae9D1u1Lxcw,0
iYM8N9WMAZk,3
EbIeE4-8PKw,0
4rkXq5uA01g,3
hHLvE4qp8dw,0
y0Kznw6GPqQ,4
ah9ZOIQQ998,0
k9yfsoSEBOk,0
gWEtrHOsV1s,3
NzozXaTVDd8,0
M-kLBkoDydc,0
7ASLweimZFI,0
1BDSqOVwlkE,0
tpz6iD7dZ0g,0
OYQJCefhTrI,0
4UlmrKifwqc,0
0MQ90X9rKrE,0
vhtxvOsWoLM,0
AWjX1Uj4KV8,0
yHYpKR8hp9U,0
cLsuG9hJM3Q,0
Vh63juTE8Qs,4
DVGyHjbq4aM,0
TuMsrgJMn90,0
VbYr0tWZn4k,3
DWlyTYpMPu8,3
dQJyqvockKU,0
7YWrSwXh0QQ,3
ARkz8AWCMSo,0
KKpZrKhoXOc,0
ZefqWVah4rs,0
xlq7X5RCAw4,3
WDMMKMqa6Yg,3
ohLm1Ibpw1g,0
dxguOEeQjEA,0
Qjfi8fNcKI4,0
pVxtbbk8FRI,0
38KdiUtaHQc,0
9LMDGPQ-K9M,0
POrewC8LsUE,0
8r6ZWe5BcVw,0
QYd-K1IrNuo,0
VsfyD2cQ5Dw,4
KJ7hY0cd8eQ,0
ThzGVv5OYYI,0
ZAjFgfCpo7k,0
dYoH89fevUI,17
lWXC-Pbp1Kw,0
CBh5okWSMNk,0
NGMFQ9P10vI,0
nFBtafRWENw,0
3o0XYUO38YU,0
178nlUMIuMg,0
op-EqjKdva8,4
abwEi8ma3u0,3
8QcFT468RuM,0
jFt8BE5TUfc,0
wUk00Zi6F3o,3
yxA7kt86vM0,0
vR7jkTRApuA,0
lQL-iBS-KT0,0
rPf62NcT0TY,0
e-oEwSE52pc,0
2a4rHbCT26M,0
zh4YCEJ3Rm8,0
3xSLmOR884U,17
BsRnsv9-n7g,3
q6tAFY3uAio,3
Cilb3IKrdRE,0
rogLVWc2wm4,0
tmf5XNfyppo,0
w6gzU8YyQDg,0
EkLF1X2LUQ0,0
9uXcD4PQYeg,0
OlQGqa711SU,3
5Wp2dxIAocI,0
BIY4jeVIV9s,0
xNmEZ7buEFU,0
gAjKO1Dutok,0
wlxKVsJ-Pks,4
-sODNa60qVI,3
w3DYRjMGF70,3
QgXvwfYr02o,4
QGeaoFNBiDI,0
l0TG2PxqXjY,0
td2eW4WejG4,3
8wYBDwzjzz4,0
E4yhch6-634,3
Dzoe3N3HSJg,0
zd6VMzGoYqI,0
qr7v725ljG8,0
rCBLJ80-rsw,0
1n9hILzADKM,0
LnjTiUQ4LYA,0
rDPSUKkJUz8,0
wHVoxfmf9rA,0
JwGdGM-JGaM,0
tqG-4yxLXfo,0
bTVNRmgHfoI,0
Id7ocRy0KYU,0
0Mhw4V0v6iQ,0
jR8g2dVNiw4,0
1q6YZsK4je8,3
PVVS0VijwDs,0
PiUInDYy7Qo,3
Yughvd0RsAI,0
eIa0WpNi1qc,0
CHizVYSkd3g,0
h-HiTXmWjk8,0
YaegOw8i5Tw,0
lK45LRO8wN8,0
RUAdSIVneDw,0
yCjFAoDms-8,3
dJv61fmPHL4,3
6Jgsma-3jPE,0
uh9NvdpYkQc,0
kqr3fIEtZhA,3
shVkMnLxR8g,0
cY8iKpWF4SM,0
aiy9GWa8dQM,0
Z9Jr7DKqWmg,3
hgoE9SUoaSs,0
GNTtNTIgWk8,0
M49puCl38Bc,0
zPZvn1B3lXs,0
xTGJM4Qn8os,0
G7WKmXHD9xs,0
PVI51H4KngU,0
ywQO26yfZ0Q,0
IWDtYgDAhxI,0
U4T7zVNeswc,0
ubnKmEPzhS8,0
na2LfMlw6iM,0
XSam-cJKgY4,0
XiLD8LWcfk8,0
W-2Ohisa0eI,0
JcBH9SNoTFA,0
nfMwCY1ZP3M,0
x03GlOJVW6E,0
MiObptVDci4,4
0BSttGHc6jw,3
ZARCwiX-A0Y,0
XFFYSAvMveM,0
vzEiNulmkXU,3
rrsPGLKXeX8,0
KMecISsizMM,3
FUdsS-zQNAQ,3
feHwcjc3XLs,0
LkDjdmESf34,4
eUxkpLaGjlQ,3
rzODtHwS7lE,0
71pIvG-AJ-c,3
tYiU35jRz3E,0
Ki7ixKUDaCM,0
dO0MP1mQhu0,0
i2irisaHkNI,0
xGdyoMlJdXs,0
BiLfn6uDuek,4
tclNXDuRKnQ,0
-XzpQxfVypI,0
g31yesfuu38,0
p4PYGLxyczU,0
QbSewx89mGw,0
ffx1Ndf-R20,4
XwR141DQ0bI,0
tbgZ5fwucz0,0
SvxkR-a4iis,0
zMdAi3xo7Us,0
RXUg7LbQJn0,0
yPMYroRg5W0,3
86L7Lfce0h8,0
3ISacnoC4Z0,0
oBkmmId0Wrs,0
Fcy3XSBWKy4,0
uvnLj2EukJY,3
NPjy5kjBaP4,0
Z9guj-A3gc0,4
cId0bHuj92A,0
Q5Uybu3lTIM,0
fzC1RSy2CBo,0
ywLm7JIrPyM,0
XACM6bU82Qg,0
jfz8YyHb1x4,3
XNgJwT4VOuM,0
oG-lv1npw3k,0
nJSvam29ZMk,0
hCQf7DVO-C4,0
3DFVl56I31o,0
vpO52ziiB5c,0
XG6LbYMcvE0,3
-RCv-107T5w,3
E6OwGySJA9E,0
dz2eMoSpWIo,0
G48WzPLG6VE,0
sGUmJBjfrSw,3
UC55-Xpj4MQ,3
3jHZSHyqEiY,0
l-9NoZFdX6c,0
gS7lfTI0ZVU,0
XnaMnmu5mnw,0
vnchHGdWJGY,0
tgBQPxTbYFg,0
9TJDt-ZtRBU,0
rcqMygT5ceE,0
LIXzKy577Vg,0
0K-djmb2Xvg,3
NFPNAOZKjKo,0
gHtidoznBw8,0
WFY7v7QcuYg,0
rGwBlGoop2g,0
Dg5AHhLfibg,0
NwYrAs4yTfo,3
Vt44Dtj-rAE,0
gRXsDloQLn8,0
p5VpDzpODvY,0
RckBYZ59Om0,0
6wUAVS2teiM,0
-FhZ1JPZYl0,0
9aAwR-wXBQU,0
gPHKLdxZnfo,0
pzjijL-6-eM,0
VG5PW88VlzA,0
iccouLY9q2g,3
BVA1iRclWPc,0
d1ubwKHoBgA,0
evCMspFNu88,3
4mQbPntWUZA,0
MHSbsPrHEuI,0
EoOMzJkHX3M,0
nWYQYQLzYiM,0
mpFAMP2Fx-Y,0
5mxZBU5mJeo,3
wF2wVuXkdT4,0
zLkvlzypftY,0
almHBscCXfU,0
JqJRXfV13Ro,0
zbeSiXpw5cY,4
4yTLUOg-cfg,4
VnovSmlbTTk,0
UZc3svA3KDM,4
Nl6Kx432ZCI,0
qDdzd2waoBo,0
JFhh0pA4gIc,0
tf0DgadF4t0,0
Gnx2exDPeVk,4
iRsPRD1ezMg,0
IJcucYqGQFo,0
BkSiupb6iPQ,0
1TItOYu2ugM,0
IjObQUMDyPE,0
svxaMbUi5Fw,0
cfd10vbjz6s,0
XV87hAhND1Y,0
FjP6QisjGGc,0
nankC6iarGY,4
5YbWyeOy5SE,0
hPIrq8D9G5Q,0
wFBxwjHJ4tE,0
XTwhxNdouZ8,0
nSwulLu-z0s,3
E1ax1brQG-4,0
sIQK-zKDe8E,0
rBwPqpJYLx0,0
zFUHifh-CWg,0
f4lI0A5RfKg,0
7oP3X-5z00M,17
HdUD223mIdA,0
bvzQeEV6kwQ,0
PpneY68Mdck,0
ucoWfvXfyAI,0
lmAo--7cBd8,0
vWJtXpvapSw,17
60f2XDHd2GM,4
Ui0fy1S0JqA,3
cU12AHgjpSA,3
DwPEZeX5WkA,0
qm9mjH253Xk,0
waONw0BDSek,3
SqlQ6Empyjs,0
QphhqnLVK-w,0
5TaUptVo0Lw,0
XMqKIGEkbjo,3
OuBDrfEctBo,17
0RZSizLlFO8,0
Z9xhd0ZbABo,0
SuWfVESUKUM,3
RfRATmyh9Q4,0
Qy2SRM46mXk,0
eOGjgcpokCg,3
mkoSd5SQ2RI,0
uie3uY-y5IM,3
0E8h0BPYOmE,0
57LOKwYCMaU,4
hFfASfhWOgE,0
h9cisifRVZ4,3
V98LFZzMIgY,0
Bbik8tFYRnU,0
OnNGIJfNGKQ,0
m--B4hOqlQc,0
z0K98flwodM,3
tMX68AzESS4,0
zz1YMml9Z6k,3
D5ziTLBm-Ds,0
kKsOLjuycvo,0
YUkBAIDkeV0,0
65n-tGFjzbI,17
5Wxaag6MJd4,3
S3anIG3MJtM,0
EEmux8iila8,0
z9T6v3e1wQQ,0
Tu2ZBS4blng,0
VRBOk9tdRs4,0
tdgXbb7Cuds,0
PfgvSMOSpsY,3
d357jztobYU,3
98AaKRNzrRg,0
3huVaz00zPQ,0
lmrxiUVgBus,0
swonWu1h7Y8,0
KXm2vSwEEtA,0
V6t5pZEvqsY,0
vp5iRqEPbgM,0
v-Eibi7BAEw,0
kKOTKwf4DHw,0
Eq782N2U3Ak,0
hUKFDCawHco,0
Ak3DfwloSjU,17
JJOpc7lUxTU,0
FyAaMG-2tpg,0
-eOxQpTp5zM,0
ckRxQpnR2ZE,0
NlBgPuxvo9I,0
yAUQBnbyT4Q,0
ZxpwgIZg4lI,0
FODDc40op38,0
D-GLu-vwLJo,3
fXeiMH2DL4Y,0
xM0OVWWYYik,0
e9WpiCjKnLk,0
Zck4p8XC3pI,0
eKbask3AfPE,4
iMk80ygGD1U,0
JJdPVj3Gvx4,0
NNX7H2nXmVo,0
-WAMHNq45kY,0
QX0ZanwP0zE,0
3FeBymcEex4,0
h8Hx352kQv4,0
PuOwRDyB-CM,0
QI4VqnxBOVo,0
TuNBnb6OiqQ,0
7aoMSiH8iVA,0
QDyVhgr9xTA,0
uL-LQMiiJ30,0
jQ8w9PtgZNI,0
qORjRgxIjy4,0
lI3qMX68rHI,0
rF8u3vQxI8U,3
YN9k5uauF2o,0
zdG3JgdTb8E,0
Zp50MIdD21c,0
ip5lXT8DtS0,3
v1WAWCXRU6g,4
YFfQPTrcmkI,0
brBtTlxKUJ0,0
4SwftYGWEWg,0
hxYoVlUEmZA,0
rz-G54JXF90,0
qMScDz2a414,0
XPZnmaSYTMo,0
5HfGynid66c,0
T3F9HKFod18,4
-3T2VPGo2jI,0
HHEzFz4WmIw,0
8DHzreGBfPk,3
oR2wmjMARiA,0
dIegqnfLbLo,0
MJYMWfpsqHQ,0
Jfd0QyAkvHo,0
XDncg9nRU7M,0
jo6pVL48lZ4,0
vdg5pcaNVY4,0
uH-YcsWMmLc,3
6DWQ8mz-HS0,0
L8f3XXPSyEw,0
sE6J0mSnpdk,0
7D0Lf08EiHk,0
3kaNvFf9gQs,0
JOPaHii2NLE,3
bZXpbzoifDY,0
vrj5t0CIKV4,3
eiLqUll-4fQ,0
EzXAge5oiak,0
uooe0z55QsM,0
iuMo6VQteTU,3
Trp6lDMMYTY,0
nzTIvZzkcAM,0
f7-bsNBElQQ,0
vcDfGvYSJ08,0
xGNfCHisLOE,0
gIWOk0yLmCY,0
fnydLFFACbc,3
QfeWaU7loP4,0
u0aTfQTZS4Q,0
Eg74BhkKE08,0
HbjSWDwJILs,0
SNlK6PVbJ0o,0
TG4mj4scbb0,0
R8bQq3Ave-4,0
m36BMufVC1U,3
eQLb0SPkwNQ,0
7A7dcxuJGRE,0
xvpD7pYrOOE,0
q4SuPHdq8k8,0
cz524vXQl7c,17
fOaoL2QL41U,0
Qdyu0W3OXV4,0
KEFnxiRPBSg,0
BAxYwRadKBI,0
PNSM4AvlR5E,0
Ev08RdZrOLk,0
EtrVKpm-dqw,17
pDSHWcmZ-OY,3
k2Mo-KAiPts,0
bYKBIzphcGY,3
TIjSt4C2GBs,0
1zzbzbmpKVk,0
3AWJwEb4nfs,0
8DBqtnmHXOk,0
QJRT-83bqUQ,0
xECeOQqbsnE,4
kfWzldCx3KM,0
166LY2JlWd4,0
CESMqFlQ8R8,3
LQKtZtcdkXk,3
nOtIl0H5h4c,0
SCsGPpLEQsA,0
nvyR4DsTa3I,0
tKXvBVpPJh8,4
sRIDObYoblE,4
GEP-yElCvDk,0
d5WR-Ser3As,0
uPgPrSLNyPs,17
STt6dPjQw7c,3
tGaupcFDL74,0
64jJN8-cT9c,0
SRPOAHXNTLU,0
xdN4FpM3jXo,4
dyg7RNiLEdk,0
bO1MW9Lq9Sg,0
zSqb6Gyqkq4,0
bMWKK1CrNNQ,0
o3SApq6PKpI,0
-AZMzKjls-k,0
8AHoYEMbEVU,0
KmRaGB9U2QI,0
k1ulumxYBOk,0
4ok6uCxo6NQ,0
wqrMgWi5T28,4
rXoW3GwB9cw,0
iQ5WOKjiXc0,3
nJgyH8RGEAU,0
nOcy2l2nZAw,0
nsJUBJhqo14,0
mfGxHn-j8Fg,0
E6qsWCsBjUk,0
Mhs77NGmZW8,0
ux6q2h1woEQ,0
EtRis3E6Lqc,0
R-4gU73LGvQ,0
0y35qvIv7QI,0
MNhecK8WV-w,0
twA02SrLvz8,0
Dsxvvgg9Woc,0
gVViLU6oYNw,0
I3OKn-sCOEw,0
2J-IF-nNw8s,0
XHZCXd6a2hA,0
SSJAZsQSaws,0
CdkFyAObg2k,0
18REigE2N3g,0
QbqnekDofUM,0
T56pkhErr1s,4
Kx4ckrZfVkQ,0
ET5ZgDI4TOQ,0
b044lRu1IcQ,0
4Lk3NrQSWlU,0
C5BP1ajD5co,0
8j7TT3WqN3Y,0
u-RPLMo8-is,0
lCCg4pSZKaM,0
QZaXqrZw6go,0
FUjnhcsLwAE,0
cCZX-CXCSPM,3
Glhu3HcEDyw,0
9IzPRdrCZJc,4
TfxNQ0GuzaA,0
CGi7rjiw4SQ,0
bg3fLzipN-8,0
xZVS8Bobgr4,0
jRxKleSYAoA,0
y-pE8hG8UAQ,0
lSjgugPzEig,0
oReAwqjy23A,0
2jHGUYVUfW0,0
qtANuTon93Y,0
ZOZslTEUt7M,0
OieGV1sEl4c,0
dwvHDwWfMig,0
VScAXl37ZSQ,0
p7D7rKGePGc,0
4LgvgtW8aF8,0
5dM6b1hXQvM,0
MNvcKmiUxCc,0
eSbQet2JWkc,0
FawFBMekhYo,0
PGdJGgsGnSY,0
Q4npi3QP-Vo,0
nYe9wa5k2vc,0
MUN0iw40Gtc,0
0zhxmF-4sns,0
ljgYpbCsH4w,0
ePMptyICoSA,0
CooCtPBRHc4,0
ldSML6q0QM8,0
nS1FyEmPG98,0
p8jWy-nGe88,0
PMP-4vaOpVw,0
YVvMHUW2T3c,0
VaKlAXlcQUM,3
cZIaq0tcrII,0
KhOgRJb6SPA,3
l1mLZRfVO2g,0
m2T9oEKLER4,0
Sn2s-NfEVXY,0
rdtCwFO3oTE,0
Ov19HUvMoEU,3
-CsBjy8T-II,0
EUeUgSeATHk,0
IBDd0q5QBdg,0
POcA7Fe3hN0,0
HS2zNE7CiM8,0
-JdfkIKg0w4,0
se3ihwZ56Uw,0
Rpd-qPK9iJo,0
eWSBGHqR8WQ,0
xAob-oLU4HU,0
Wl6JeIEhg7Q,0
QW4eIKLLxTI,3
7P9hcCbZxuQ,0
wgKDmfzYxbY,0
Td7Jmwtaxzo,0
0C8JJ81ZwEo,0
ygI5w-4r-6g,0
80j67KA3rFI,0
xdok0bJkYEI,0
LnvFUITuV1Y,17
vXrkeFGpUlM,0
uXpYHJlTvCo,3
7CtuYX5zFHQ,0
5-Q0k532xSA,0
lqoXN1p6nyY,0
MDNp7G7W4Rc,0
ruRWdXP4wk8,0
w8eLad3z-Mo,0
eTA2EqE30KY,3
6OPYSB6CEtQ,4
fiwwvVV4mPo,0
5-LGYQSwO68,0
v74ht8uLWRs,0
4XFNlK65z4M,0
P4XScvH4STo,0
oGbgDTKQ-84,4
tLFTDxAYYCY,0
lJ-G2St2LUk,0
9nFZnrFaYKg,4
pzH-jgGdy6U,0
QiF0KK29wIg,3
5YOEBpXj2EM,0
IdLfEeUmyOg,0
SerkEOlFsy8,3
he2RYI5YIXI,0
oARBhuthFYY,3
4YZDZn5CwGM,0
kl0ekzaE3qs,0
5JRfjom8ugw,0
j9d7pFjTYd8,4
r2GsmZ6qZpQ,0
fwFlqWXaWGI,0
hPzxhK6EAbs,3
Nbkzh-7UxNA,0
X2QDmviGylE,0
2sZPxUbzDXE,0
W5ZRsgwi9ec,0
qRgxEZ91UMQ,3
TuGPfe-H-G4,0
P9xr7ejGVfA,4
QAyuvamYp6Y,0
2bS7Zu9FQA0,0
N-vcLrIxzJ0,0
66DqwrPKBEE,3
CQ36K36lsoA,0
afwWeGvNIQ4,0
NIWZQV88NWY,0
rbTIAPzFJRU,17
5kJjDQgHGS8,0
6zaIv0FxewI,0
t4tE-DWCWs4,0
dZNl88kVDws,0
S7PtL6E9Odw,0
UHPjan6pNxA,3
RnoEUxCAsgI,0
uYBC0Q0Go30,0
O68vdV6fNu4,0
XZUK6kRtzI4,17
FjOTOmFKrpw,0
FDjyD1mTrS4,3
GqfZ0VYWBH8,0
gLSF0p1Ejrg,0
ZOgcHpabePw,0
rZTC7PtVzzA,0
rNXlLVuSlMA,0
M48tN63k8mo,0
ZASTYtekaoU,0
DN9jxrXscYU,0
lox02dN7i-w,3
VL7HapaPw84,0
L7FbwQYB2pc,0
h1DM-zgSetM,0
mPD2WAZcUaU,0
LjkIks-cBe0,0
sVwhUPf-JYc,0
N-EATJoYnuU,4
7KW60DBl06I,0
hRxYxfw6Pxo,0
6PiJSSPUMeQ,0
RFfWfdxCaoY,0
FpNEIjRNI4Y,0
ayNZLcWOcvg,0
qrkrvdduHNQ,0
ecnNI6Jmi48,0
bp4KGWY8ScU,0
PqQkMAXP3rM,0
vPbHGo3cq-c,0
7-2otHZ4wuk,0
ruW-kuAyJ7Q,4
4j3WoY5ApSI,17
b-J9MnOYixI,0
OBDel8aCCfo,0
qXvm2bjHLlg,0
9Ysfp8z0bk0,4
Mck5QX2NHSM,0
DV7Tl6LxzXM,0
59kT9Fjl0Fg,0
LUsx9ElLHXY,0
x7lq-YGBduk,0
rq489eBTh7w,0
zujZagp-4jQ,0
qAkN4WXmego,0
QZBtLasZT4g,0
298yI5LPEyE,0
nlitqDM40BE,0
TdBpD9Ccg9w,0
6Uq424n7xDc,4
eqTGBOEVm0Y,4
qOKLZul-ePg,3
OtjIXJjhU7U,3
mGP-3nf0biU,0
Q80xWVor2jw,0
9tBildM84d8,0
QUPDQhyYje4,0
4XghbM5A4zQ,17
pUCw8ijv6lg,0
1dEccb97aiM,3
J0LFvELkHyI,0
dipSTmBm9yk,3
Qdqf9TjKuvA,3
reEUuz2g4sM,0
vWmP9Cs6lbY,0
wUg9S2xx850,0
noqifI1uLAg,4
vCg3RYcdd18,0
f8vTa83Jxw8,0
RtlAFhyX4CM,0
KaoFGg3JiSo,0
9B6dw5QAgGo,0
Rb3Rg7SgOgM,0
lAWUESPa7uY,0
8ZikgHA4FF4,0
lkAgU4ZAYZI,17
6kPnyQho3Ok,0
dZjDGVotpJo,0
s4EorcmqVMc,0
h6muYsNVvCQ,0
aJM7b7T32L4,4
08rpQkUQbvw,4
afbYutBsSxw,3
0nE03ePMHI8,3
i8EJnqGvAsM,0
6E8VqC-EM9I,0
v11Cgvnrh7g,3
VBbIBYg6Sls,0
KuFHH0Jxhzc,0
fn3hWtXRsgs,0
kk2scSk-D2w,0
ec0Z6zcXym4,0
0jVKCRryoHk,0
VRfJD4B9hgc,0
9uuvSn1-PE8,0
JvnflLGG4-g,4
jRQeoeEzvaA,0
0LkjnJcHEVM,4
5B-u5PTUPck,0
3cSTXpnzHvw,0
epiQKDnOtGs,0
EL1Z4iAO2Bw,0
-pBHLSZrn3k,0
qviYVr76bVI,0
V74ZMUzYrno,0
om5DH9Mzneg,0
SH34cfkrX8I,0
tbjs3aWHTfI,4
zA-MmZShXSM,0
bODBWoZbb-8,0
xCnYqG68vtA,0
2fcIpE0NxiY,17
uu5JfcJQx4c,0
8DvSPAJhJto,0
Vo4jQ4rafmk,3
-rhOXmTJT1M,0
huj771gDJ4g,0
cQ64QKPZPdQ,0
-7Wz9S-ZZz4,17
wgf0tZF33Ks,0
Nl4O1NwET6k,0
g5J16uiQgP4,0
KXGXkrtTtG4,0
y1kLiwNBDJg,0
95hAIlwyY78,0
MvZfGebcfSE,0
YBqSlyHFadc,0
M2T-s-vsuaI,0
vDl6JSoxo9E,0
3iSsKJGRflc,0
ZmNQ6kMVb-g,0
5BLCLngn30c,3
6LF6mr0Jsw0,0
J03k9nCxnZ0,4
9uDd0fAgb08,0
hu4SamVgZHc,0
ow3Z9d6V0xU,0
FPp-FfmAip4,0
NN70bZBeWRY,0
2Zr0VcQnQcs,0
tMeXucOIzJ4,0
8wgyW5QKpHQ,3
ZuvChCAjbak,0
uoyVSFKIKr0,0
ZTTEkAxEnUs,0
i1GS6SqtDI4,0
EIZib-kq6oM,3
Acz2DpB0EeQ,3
gwqcuUbL6s8,0
Y1kgh7cPUgY,0
crfcu0-LXI8,0
nRD-rf433-E,0
oxFDNlQMmA0,0
LrTnPMdtA1o,0
E3XNnFaAJe4,0
T8EzMomqTnQ,0
mk3bJh4h348,0
3Wxvb5214oA,0
yJLskAcJxl0,0
1oOHA06tqhs,0
JOXUTh0sy0M,0
MYZfKmnlRBk,0
FpGiysTWYQE,0
3Y4-06HU62Y,0
o6t5arKcJXI,0
atqEXEdCctM,0
lMtCSbOgIGA,0
UFTzyQhx1eg,3
EMI0OD8kuKs,3
XZ42g8AL-5o,4
PYRbhRY3uGg,3
UjmwzO5BxT0,4
VH8cZfKoKQk,17
RAxgq681430,3
H89kAotP76o,3
jVqFIlmyM9U,3
3XFsW3NilGk,0
Iq-h15jMB70,4
wIX7Y--cc7k,0
ySynm7L16pQ,0
mjG0SAL1Y60,0
86djtc6lDFc,0
QVR0LpeC4Fo,3
pIY2TTAXJyM,0
-W2Pcut-jEU,0
wWaCP9w8x7o,0
sF5mzN7EYs8,0
bmafzrlAA-I,0
HB5ytItJ34M,0
JvLjMT21Pyc,0
76luqDi0Zag,0
xZnOYhii3nM,0
xQWzywuG7hM,0
oWDCZUlfq0Y,0
cB4WWMHQhbA,0
7UUC3uaO4ko,0
TKK27suXIEU,0
L0WFeydBxfw,0
Kqvk0HJK9Co,0
vbeMNFw25V8,4
ui9RGp-DbQE,0
frs-mG0elHE,0
fDzun9daO4E,0
m4OEqGZ97Mw,0
zcZkPBFKQbQ,0
sN-DOOoGIvo,4
-XI64LgAgxM,0
8ZhYmKe7DYA,0
vtKqUMukX1w,0
jKEwX44W9rM,0
OD-OYHFvhS4,0
6mCSN-uB4w8,3
LMMgQXzThxY,0
xLRUuV1z3QA,0
oHskg6ldq5Q,0
PGANQ3dAtpc,0
cwzseJRg7KY,0
HT-WXXfjDos,0
AmNeyE6UuXs,0
D1AwWLFX2dw,0
U2VysJmqOYw,0
fJO5MQ78Li8,17
QxuB45a3WRE,0
i5SB-qVexgA,0
nPl4lW2IwyQ,3
1gtXjEJfHYY,0
aJj0Drz-Yk0,0
xNhA51sUnvI,0
1RPMJLJSAPI,0
qqvE3DBurwc,0
XcBijcKzi7M,0
kYm7tnOPtB0,3
rUnvv-dF7q8,0
S1B-aAW6r0I,0
12PkVvvdm84,3
SoEmYvJw4xM,0
4Psld5kC4Q0,0
CIrujNq55Lg,0
AzPNxsXEZAI,0
8G9jKoxlRNE,17
V-9iFZp6PlA,0
80lIl5p29Dk,0
dzVgFqUtlyQ,0
0NB4gZoffNE,0
0ybdAFMWX3E,0
IwdcNQY7P7E,0
T260mGpylSI,0
hY5ls-io5FI,0
2GVVfYCdnwA,0
q8mQ2w8WzBE,0
rGcMbn-3xZY,3
gXQlH8rNfAE,0
6BhffSC5RPw,0
cesRP7rVPJ8,0
V53l92RSVx0,0
YsFXpGwKRKk,0
AbuX3wGrlIA,4
3A10pmLRjHg,0
c9dZeGZcCVE,0
nsgWjnYKOVs,0
7m5PbebjLYE,0
wp-IZPJrebE,0
eVHIkaXjYjQ,0
V887u2HA3zs,0
P-n9OtIe500,0
cQNA8lOryFc,0
YHpDrZeWqHk,3
A2VZyXx19Cg,4
89bJky6dvD8,0
MN0IT8n68SM,0
nhJu5HUMa84,0
j6a4N2a964M,0
q7eTx7pQF4k,0
UA5v1uZjm-g,0
36K0RLO8Hos,0
afJdwOmQPrE,4
pNlHJ08UMpo,0
tVAOwrkPxBM,0
wDLjcTTei6k,0
eLWbMdGwQGg,0
u28KRAtE0-c,0
IBavKm9haxA,0
A4JJPvmOkR4,0
KQdLu2Rr1uM,0
0uhHtEYtwM4,4
9dC8anfdz6A,0
ynyjo4mab6g,0
0KYmumDwiGU,0
ncBNw7SjXR0,0
GH2gI5FRPMs,3
6NZe3pY8X2k,4
-Npm2udxeAE,0
ks79p33C05o,0
HpD6ej16phc,17
3OhmIirXi48,0
oesSMKWz8CY,3
z1rg6HmeDqE,0
bFfNLImuguA,0
3V-hi2VGfDk,0
XIJIFi0VS3g,4
9HnS1VNGYq8,0
UwLH9D2Fzs0,0
2oqA65F2ZWE,3
pSH3kshvVuY,0
Tg1CoPWWr24,0
Cqfsp6kf3DQ,0
8jh1rUGH3Bo,0
ud8jOg0zzcI,0
aMsPK6TmqUE,0
ner4eN63q5w,0
IeBNJ4AwqwE,0
k1SWGdeOo9I,0
mRPbDUa6gJM,4
WCCkmuFrSQ0,0
kBaZVXKFo3E,0
-BrNqmFy-6Y,0
Np1DkRF0zv8,0
J1zAnv1nq2Y,0
2MjKCcjTktw,0
-fyfEc1C5Hc,0
374mozyGvo4,0
ELOauWhS0Jo,3
Zkev9ai3Z8w,0
xzyHMKknho0,0
Tf-icqbAHZQ,0
FgHGhcu60BA,0
BBcytrIoZr4,3
QjvNH7qVNDU,0
MNljTAwx-es,0
OVAKA1zQr28,0
k7WDb3RQKS0,0
XYICvgEKy7M,3
haJwxtWFUGU,0
cRifkjmQ-sc,3
QREptMMLpQw,0
ledkcLtlfOs,0
14Z2DC05cIg,4
zrrqDli62kE,0
LD5rqnd-9bw,0
Moj4HGYoozM,0
iCQdSyUgmw4,0
WfJ8v2IEWzY,0
LShdbSrPLA4,3
EqLYhvIXtzw,17
fpyLregJmSg,3
JGhiM4X8waA,3
kCywiplr3hk,3
6jzjWVjILtk,3
1nsFsSUYedQ,3
CcNUH60IqzU,0
WRdknDD8cpk,17
qeA9Z76deDo,0
CoQRfs3c-S4,0
vYAkZCcourM,0
WOAS8pCpAyk,0
9yTx4Wbvtm8,0
jpWG2vBZZTo,0
eOMSDtlNkRU,0
AYvCm0hYG6Y,0
Bx-T7rrBQgI,0
-YNvdGOXdgY,4
Rt1XhPT-XQ4,0
kgkcLpc7VH0,0
M7Hqi6Y7UNM,0
xiju-nbuM-Q,3
pffkRc4pEFM,3
4cjAR-ze2KU,0
tylIubKlOic,3
2C6-PvcrNe8,0
CM2fR6-1Es8,3
c-nNapseFgs,0
dZGyDtQ3S1M,0
dKbXSHRu7Rw,0
XXu96Wj9zZQ,0
rDNe45yYxzk,4
YK8Z27S7UAI,0
LuSiyakUP5E,0
p8np1PJx6XA,0
xleZZevNyAM,0
aLi3qfhV9io,0
YMX3um2jZ2U,3
tgYH-wM8Z34,0
SukN7WitLZU,0
3ix2qbRgLO4,0
QBHy7k6bjlM,0
IivMJc4B6jM,0
1mJbRuYjPDI,0
yXsZusPIO2I,0
QtKuRVkQkP0,0
iclURac9alQ,3
OtmCdcxBtuc,0
UchgN-WwHEU,4
6gRQUYwWdhg,0
0zM4uNeGHCw,0
4yUh0ds3a9w,3
x2iLzWjj38A,3
3p2X7QL2wO0,0
SXNxE3-YRKI,4
fkzPnR-Xi3U,0
ixVsHqN2lpw,0
mPqtT5uIOEI,0
BBJComtTV7w,0
RYk0UHpagVY,0
I1SiYRG1d3A,0
aYfcnsz1bCQ,0
oaVWnxlQOeo,0
SlpSgxENsy8,0
29aC3BYARac,0
TAM6nd1DKd0,0
go-1UI6YuDg,0
EJ6PcqlcDYg,4
84CFJfVrbxo,4
FMzALX3gSpI,3
D6QKof-sWxE,0
Qgvv1aMiqU4,3
lUIPKtPu6RY,0
bR1uFoLr6o8,0
GVYAWzM2WzE,0
8y2aN9HsW1Y,3
s0Jkp8d8sBc,4
jafYqb1kAUw,3
yC-oM0uY1JY,3
MCzy2DfhP5E,4
cPGpoZ4C3qc,0
kAAisBxwF18,0
VRSvF8vTCys,3
OYfyNMLZuAA,0
doRZL-gfnVA,3
tOyDVsyaxbM,3
PhiGD0Ka2BE,0
JOAKjYyi7Pg,0
p9HRoE53OqY,0
WeMS3J4oe1g,0
vOhRdXC5IBc,0
D04S14kEiBE,0
AlT9hcynIpc,0
iFToNHruQoM,0
XPGtwnj7A80,3
-IdatujDsqA,4
EvIH5BvI54I,0
F3voVXiYVM8,0
FB-06Eo5Rzw,3
No5Ir1SpkGE,0
ghDzHwQNAXo,3
uVPokxk5uMo,3
ZNCshQB3RXw,0
5pHbE-D6-dA,0
9L72SQArZGc,0
4HjEaqk6y4Y,0
72vAM2L477g,4
7zMBk9Zu9fY,4
mZunpUG8FxU,0
K1Kf82hOBDE,0
F2tCYO6wLUQ,0
Z7vQ-gHzUPk,0
8N9fLvAXoWQ,0
o7xl2OrL3HA,0
SBYZfMK-R2s,0
NFMW1KBTzOA,0
KbAQQ3OKVHc,0
Qpeckr2l7Ws,4
UK2LXbrEg00,0
NGh8-rsd8cY,0
7-kRfNShWus,0
kd6KPx-qhuU,0
yRXqPz5csPY,0
5sDNvA2csC0,0
y96aV0n5D18,0
8zU7Ov-uW1E,0
hZP4OICnrdw,0
Tf7SkmozWcE,0
o1A0saPNMew,0
uunjC8dKlpc,0
gbTcY7xlFoQ,4
bPDZPIH43E8,0
zKUW8kqULIc,0
124qYLNjhuc,0
D3VLg36MsJs,0
a2nR0onBylU,0
K2XND9RTlGQ,0
GvT8USPUy3M,0
hQOWjQwwl6U,0
oP748sVJtrY,0
qJ7uhyJ2478,0
t-I-xDDpeP8,0
7MM6UESyqN8,3
NzqqmXSh3zc,3
0puIOKy4jTE,0
omEdIp3xpSM,0
3z3ZFBlTOec,0
Yv-lDbOdTB4,0
byt7nsP3zoM,3
atPzuGzJ8rs,0
93bCfxFD79U,0
eo2QFniX4dg,0
ESvia6cj2Ag,0
TRZaXlSQjgA,4
lt--z8nFIT0,0
frnApQnSxOw,3
WrsfqLnZmS0,0
fIhzZYSQNHQ,0
cR3RgGswY8Y,0
KIaK6hKuYGI,0
LOERfEaMfKE,0
kHehMKMzHsw,3
-rhOaNjvwWo,0
bz7ekc7DLGU,0
tFwA5un2e9A,0
FoZAp3Fui1o,0
aG2xmP4M2Nw,0
nw2O0bWuKsc,3
S0ht4x3eK1w,0
RLJn-142-Xk,0
4pfJ4GamApc,0
nQh5-2XwnHU,0
yqwzODrkOHQ,0
kVkWO26McxQ,3
08JqXh8jCgk,0
JaVpt9qLIJ0,3
3qybi37A8VI,0
Dp2FCK9UkHE,0
0DHdxqytNTo,0
YLWtilVsugQ,0
kz4Z10bgRUw,0
kW4HVLlo-z8,3
14ZQYMvwD04,0
1WHWA79aRko,0
Fcx-0qs1gBY,0
N7tWFEosjvA,0
IX9sPL5IRP8,0
27tui31Caks,0
V65W3QAG4dc,3
9aroXH1KsKg,0
oFsGwMXDCqo,0
cHbPS9WEzls,0
uPk43qvZIOs,0
Q8DrKOQbK4E,3
4uKOaCz1Waw,0
tfcjf4J6SEY,0
MekQTM5dPh8,3
hBlOKmcBZos,0
2pVS3jTMX-M,0
p4mB5X2hbZ0,0
fA3eQQl4qP8,17
J6onENPYNAY,0
g1JdMyOcQyA,0
ryjQlDq4-fk,3
tbkKzDqJUj0,0
aKEzIlfJi-Q,0
AxEwrLRgLHE,0
yDc5z3agRlE,0
Kct2NjXvUDg,4
9lexUVoodXI,4
FYUNe8Al-W4,0
7pnE8AX-hmQ,0
x3PG-xpnAP0,0
5v5866cwMfU,3
9oMTzgtPso0,0
o46w6UV4BGs,0
2DltR-EtwLI,0
jHEKrLrdAf4,0
GhmY9zxJyeo,0
QNj12BcuEm4,3
URzytLugoVw,4
4qFqNiPJ828,0
wyqRyVPewM0,3
ME3QDc69Ea4,0
w6B5RkHmIvw,0
YtWrmMYVdTE,0
cTqSfm5bsQM,0
CDcejc2OOyo,0
8oE2AJpIOYo,0
WPjCctDZPUY,3
5DyLif-rR5g,0
Ztyij17ill0,0
VTzMiEnhYqI,0
AVmBcAYvWjo,0
uRCePRtpsWs,4
82Rcg3iX1FY,3
ag2wCXCGFTE,0
X3EvlFzyI-0,0
GqW2Vm4E6jM,0
R42bR01dWa0,0
GT4USa442zo,0
JQz9ci9Eqgo,0
uME6USnBPE4,0
4Fq5o1ZNd8o,0
M0nOP0OGmAc,0
L0eu2G-jg18,3
xsdrqauYhJs,0
SBWp7urOSRk,0
Dm4J7z95-bA,0
Xtsmi08j9tE,0
49AWt9CMawo,0
mJYfgX5x8MI,0
xY4RPeU0ON8,0
qf5tCohCW8A,3
p3-vvjnDmpI,0
dqVYCc5e-PI,0
q53XkTF1KI0,0
ORZelTT2Gxg,0
QKtKRgDqdPA,0
2z5Deg2fbNw,0
nTxE1TNJMyI,0
6O9ePTSIchY,0
2wbFkJ1dyuE,0
K6oVoGChyjo,0
XzDoX1dKjC8,17
sHdo59Z78fs,0
2t9DLmzt1IM,0
T93pHt5k8Hk,0
xK3dEIDufRU,0
mbUD0dUpg6w,0
JJJEll56U0Y,3
C0-vQk1UgfE,4
8nFxM29xbQ4,0
WZLUmE-H-l4,0
lX8vvSFXEg8,3
Np1TeSZDyQM,0
0d5XD9WhEP0,0
dw9FUWmJJk8,0
mGK76vwXbho,0
5Lv0g7ISQVU,4
KfzVxgHEyzI,4
tUs9afEWWBM,0
vlhBB2LIxUo,0
sx0RYZr2Wv8,0
fCogK40SVrk,4
QVUDdgnHeiE,0
PS5AEGO34AE,0
ktr3mE0r8Hk,0
7Sy2UurYUFY,0
UmgYBTEi4Ew,17
EPuqSs90NZ0,0
pzhkPfZwk20,0
ThvITFH2d5M,4
89D1a0uqGbw,0
-Yn59LWpYdQ,0
yxZjBsiib2c,0
wsmHMJxt1u0,0
xcwsQXilwvM,0
lzuGoez0hbM,0
FtTxNnhSOnk,0
grrw2O1OM4w,0
D56zy7PVmNg,0
aKbUDTYY4Tw,0
uF1cbiFTSUs,0
Z80HYfIqdyA,0
JAFYzYY1Ons,0
vCSQB-aGDRU,4
kXDoTWkGwd8,0
lWOBTRin5Tc,3
sUfYGGjb0Dc,0
q5qLgmziMEM,0
LojdQuaMqDo,0
05DsENOhRso,0
b-NIXeDEIx8,0
px96X4DJBFg,0
DeKq81wMSiM,0
fNO4eY4TV1M,3
0ABg9R9boM4,0
0UgFrDWe4vQ,0
XvuS1l6lQvc,0
OOfIkJuktyo,0
6sdb4zZnurc,0
iezHQgZjY7E,0
ZOebj7XisR8,0
E-7oRdLUgH4,4
xI0tT0dY95E,0
2rOpvQSPm9E,0
YigLesBBxNE,4
U-jUJwmLEu8,3
RFlNVZzhigw,0
YP7r7hp7zB0,0
bQaeauVTQ-o,3
T3YFrFdHFUc,0
rwYzkfDMDnY,0
nfFSa-2TRlk,0
JKc5vFYxUd0,0
DFJD0i5fESQ,0
OO4FmAgU2IU,0
F-pI4qT9cPU,0
4eQyOk7oMPk,4
39L6nmDcKCU,0
Ba4puMsRrIk,0
PlhqdrUOQqw,4
cbXWdoyxGi8,3
aXPkdWU9LvM,0
nWqMQ26Gqi4,0
HZ3OQL7ZYJg,0
5gi522WVqJc,0
9ekbj-O6Mno,0
Y-nGo800tgw,0
ZnhwGWRYFeQ,0
Ycq9lpF0Dss,0
y5-C4t1fRd4,0
M5pPHLBH4RA,0
GzPfO1TmVL4,0
Pt7Z7alDcZg,3
NAm5m2G5QsE,3
I7SNSnK9nks,17
RlFiqmHOcmU,3
ee0Siuxnw6U,0
W1TVuA6v0xI,0
cki8U1it19c,0
DFfUEbj8NRA,0
cmt98ij4F5A,0
4uvd5P38Ysg,3
80jHuXJXvyw,0
FdpvI4KRj6g,0
TJNvukexlms,0
RJ2M6gKARNI,0
2Db7dJd9WFc,0
GBVoMU1TtwM,0
VSImp4uF3WU,0
iz3QsQX7p1g,0
XDSdUzdIFmA,0
cw-ojtL78-I,0
aRm3QKasV2M,0
H8oehT8eeGc,4
nT0-19Vcjx4,4
BY3Vdi5sUHk,3
-WKQMew6YXw,0
GxNKJBX-icc,0
C0VrHUpbM7s,0
nHtQ6aJOMF8,0
ZlzAE-trpSc,0
e98zss3P-Uw,0
fpO72m5RH1E,0
xnApM3GBqSo,0
f0rWFvJ7uTk,4
oTXzTl3Xy4Q,0
4FKde17nDBE,0
kCa1LGkVAnU,3
CoErwthj850,0
wlwtsE3xfOI,0
vJy3wBoOrY4,0
wBizISf2Kq4,0
yIAqaO8Fhmo,0
7l17Cja4yC4,0
PLTQmDuuqKs,0
bKSqa77KmVg,0
XkM1pbKWqAs,0
Ni6DqC0ms7k,3
3TueJLIJyAA,0
DcYUvDGDQUc,0
Zo5D4Jfk93Q,0
gXf-IonqjRw,0
bx9Kv26UM5I,0
9Cuxuo7D57g,0
D36Lo9b60eU,0
ljXxv5IvJxU,0
79XSnSPbZd0,4
t0hAxVBlLoA,0
DH0tbfAXFAI,0
Vj7CyDLR2ZA,0
AnIyIu9XxpE,0
4PVuzPJdnis,0
XcJk0yuFALQ,0
6i1aG-QKEgc,0
BkAKm3Un3Hw,0
rFPCdh2PtFQ,0
a0AFauadY7o,0
52aZehtlab4,17
AoDTLSagIuc,0
qbUbbd213jo,0
pamnXs8peto,0
ll5HZbecdG4,0
cyhyZzv7eKI,0
1tybdYSPNKs,0
9a1aXDMReNw,0
L7LrtQ0io5Y,0
zBVipkKmjx8,0
wwZ50ufItt0,0
nLc5V4tpxMI,0
qGV4P1aRMT4,0
rERhozIEVw8,0
2t75Cc43IwY,0
F13auElofEo,0
GgqFXex8rmU,3
